maxABF1,maxABF2,maxABF3,maxABF4,maxABF5,maxABFtime1,maxABFtime2,maxABFtime3,maxABFtime4,maxABFtime5,mcmcABFlist1,mcmcABFlist2,mcmcABFlist3,mcmcABFlist4,mcmcABFlist5,mcmcTimelist1,mcmcTimelist2,mcmcTimelist3,mcmcTimelist4,mcmcTimelist5,shotgunABFlist1,shotgunABFlist2,shotgunABFlist3,shotgunABFlist4,shotgunABFlist5,shotgunTimelist1,shotgunTimelist2,shotgunTimelist3,shotgunTimelist4,shotgunTimelist5
47.35447183,66.86012524,55.13460606,50.35505627,49.30718924,1.965776507,3.256730994,3.159978179,3.130611706,3.131018253,24.02264888,33.66914262,28.82098546,25.53047748,24.77041362,0.202133803,0.215354364,0.213025552,0.213069596,0.213295905,46.02525925,66.81413894,54.49301699,49.61549018,48.74606146,0.11682479,0.172448068,0.17203304,0.179694266,0.173703174
