"","exhV","exhT","mcmcV1","mcmcT1","mcmcV2","mcmcT2","mcmcV3","mcmcT3","mcmcV4","mcmcT4","mcmcV5","mcmcT5","shotgunV1","shotgunT1","shotgunV2","shotgunT2","shotgunV3","shotgunT3","shotgunV4","shotgunT4","shotgunV5","shotgunT5"
"1",18.5157852783055,2.32801876862844,8.07545411984479,0.00912833182017008,8.0279065626823,0.405737222750982,8.11607694154204,0.862050537904104,8.11944021769739,1.06558247307936,8.10894999254884,8.29070672647158,17.0900093850621,0.0276701066096624,17.5511255297481,0.0535233636299769,17.9587181257726,0.129770302375158,18.1835646154148,0.263995391845703,18.3795835086091,0.522607290824254
