"","exhV","exhT","mcmcV1","mcmcT1","mcmcV2","mcmcT2","mcmcV3","mcmcT3","mcmcV4","mcmcT4","shotgunV1","shotgunT1","shotgunV2","shotgunT2","shotgunV3","shotgunT3","shotgunV4","shotgunT4","shotgunV5","shotgunT5"
"1",37.8997332961869,2.177434694767,19.6166528735701,0.00888921384016673,19.7583765253355,0.0723361375729243,19.7225589157343,0.207253759940465,19.706294530782,0.847399856805801,35.7536949087465,0.0298974752426147,36.713633149554,0.0608216108878454,37.4184440284411,0.150669188578924,37.5640700147742,0.30143866399924,37.7662148955317,0.576152643005053
